{
    "key": "group_6304e4266ecde",
    "title": "Counters",
    "fields": [
        {
            "key": "field_6304e464be6f9",
            "label": "Icon",
            "name": "icon",
            "type": "text",
            "instructions": "Get the <a href=\"https:\/\/fontawesome.com\/v4\/icons\/\" rel=\"noopener\" target=\"_blank\">icon from here.<\/a> and pest the code in the field .",
            "required": 0,
            "conditional_logic": 0,
            "wrapper": {
                "width": "50",
                "class": "",
                "id": ""
            },
            "default_value": "",
            "placeholder": "",
            "prepend": "",
            "append": "",
            "maxlength": ""
        },
        {
            "key": "field_6304e430be6f8",
            "label": "Number",
            "name": "number",
            "type": "number",
            "instructions": "",
            "required": 0,
            "conditional_logic": 0,
            "wrapper": {
                "width": "50",
                "class": "",
                "id": ""
            },
            "default_value": "",
            "placeholder": "",
            "prepend": "",
            "append": "",
            "min": "",
            "max": "",
            "step": ""
        }
    ],
    "location": [
        [
            {
                "param": "post_type",
                "operator": "==",
                "value": "counter"
            }
        ]
    ],
    "menu_order": 0,
    "position": "normal",
    "style": "default",
    "label_placement": "top",
    "instruction_placement": "label",
    "hide_on_screen": "",
    "active": true,
    "description": "",
    "show_in_rest": 0,
    "modified": 1662215901
}